2543,"Dresden",51.07137,13.77262
2487,"Frankfurt/Main",50.11127,8.67756
2006,"Dresden",51.02830,13.73659
2112,"Stuttgart",48.78005,9.17330
2109,"Karlsruhe",49.00164,8.38327
2311,"Sigmaringen",48.08786,9.21647
2135,"Bautzen",51.18190,14.43571
708,"Hannover",52.41196,9.73361
406,"Köthen/Anhalt",51.75106,11.97395
531,"Darmstadt",49.87218,8.65811
227,"Braunschweig",52.26297,10.52700
2060,"Ludwigsburg",48.89768,9.18521
655,"Oldenburg",53.16132,8.17738
343,"Freiburg",47.9959,7.85222
2407,"Plauen",50.49505,12.13262
2055,"Heilbronn",49.14951,9.21660
2162,"Stuttgart",48.77737,9.16243
2189,"Stuttgart",48.77757,9.20034
2086,"Mannheim",49.48388,8.47087
34,"Hamburg",53.54042,10.00513
2221,"Heidelberg",49.41211,8.67599
697,"Washington",38.91173,-77.04120
188,"Jena",50.88417,11.59678
443,"Hameln",52.10455,9.35367
2010,"Leipzig",51.33241,12.36854
2399,"Dresden",51.10755,13.77302
2548,"Hamburg",53.55691,9.99246
170,"Braunschweig",52.29509,10.46202
401,"Halberstadt",51.89606,11.04351
2430,"Salem",47.77670,9.27805
135,"Halle/Saale",51.48134,11.97105
2406,"Leipzig",51.32638,12.31781
2184,"Ellwangen/Jagst",48.96542,10.13485
2115,"Konstanz",47.66952,9.18724
634,"Greiz",50.65772,12.19221
2132,"Leipzig",51.31420,12.30331
2243,"Rottweil",48.16277,8.63142
2087,"Überlingen",47.76760,9.15908
533,"Suhl",50.60815,10.68834
2374,"Konstanz",47.68993,9.18938
415,"Merseburg",51.35843,11.99167
2460,"Esslingen/Neckar",48.74248,9.30118
257,"Hamburg",53.54798,9.93688
446,"Burgdorf",52.45214,10.01519
259,"Pöcking",47.97257,11.23541
2150,"Freiburg/Breisgau",48.01523,7.81107
487,"Bad Blankenburg",50.68404,11.26381
489,"Bad Langensalza",51.10782,10.64911
2486,"Frankfurt/Main",50.13122,8.68316
2165,"Singen/Hohentwiel",47.76262,8.84354
341,"Oldenburg",53.14450,8.19866
30,"Clausthal-Zellerfeld",51.80104,10.34114
2104,"Heubach",48.80153,9.96856
154,"Bremerhaven",53.54043,8.58025
2007,"Konstanz",47.68994,9.18772
479,"Eisenberg/Thüringen",50.96806,11.90331
477,"Gerstungen",50.96791,10.07813
40,"Göttingen",51.53978,9.93567
2248,"Leipzig",51.32742,12.39841
441,"Coswig (Anhalt)",51.88257,12.45782
2410,"Leipzig",51.33449,12.38891
552,"Jork",53.53263,9.68094
377,"Berlin",52.51570,13.40102
379,"Halberstadt",51.89652,11.04995
403,"Gera",50.87871,12.07881
182,"Hamburg",53.55119,9.97348
2281,"Heidelberg",49.40680,8.68631
211,"Gatersleben",51.82602,11.28141
2026,"Stuttgart",48.71240,9.21593
2129,"Gengenbach",48.05378,9.32345
161,"Hannover",52.35375,9.72266
528,"Sonneberg",50.35641,11.16864
2292,"Lahr/Schwarzwald",48.33774,7.87257
1031,"Berlin",52.50634,13.35383
2272,"Neunkirchen/Saar",49.34231,7.17958
2449,"Budapest",47.49835,19.04045
496,"Beirut",33.89339,35.49683
216,"Braunschweig",52.26808,10.51034
2427,"Berlin",52.51846,13.36481
607,"Hamburg",53.54887,9.98347
574,"Tostedt",53.27724,9.70919
2201,"Esslingen am Neckar",48.74184,9.30657
245,"Meiningen",50.58401,10.42530
702,"Berlin",52.52437,13.41053
673,"Hamburg",53.54053,9.99409
565,"Hildburghausen",50.42596,10.73003
2044,"Karlsruhe",49.01392,8.39312
2147,"Geislingen an der Steige",48.62182,9.84028
172,"Lübeck",53.86830,10.69043
21,"Bremen",53.10816,8.85387
2426,"Bruchsal",49.12725,8.59706
213,"Magdeburg",52.14107,11.67388
96,"Hamburg",53.55755,10.02207
2275,"Heidelberg",49.41194,8.71295
2295,"Bühl",48.65963,8.14877
163,"Hannover",52.37758,9.75395
1011,"Berlin",52.51093,13.38717
2146,"Stuttgart",48.77692,9.19185
2049,"Freiburg i. Br.",48.00408,7.85616
662,"Stade",53.60185,9.47766
558,"Oschersleben",52.02661,11.22538
676,"Potsdam",52.39866,13.04256
647,"Bremen",53.10789,8.84603
2027,"Freiberg/Sachsen",50.92456,13.33913
2124,"Stuttgart",48.77978,9.18842
39,"Erfurt",50.98907,11.01438
493,"Wunstorf",52.42690,9.42829
2444,"Stuttgart",48.77764,9.18123
49,"Göttingen",51.54102,9.94703
550,"Uelzen",52.96439,10.55956
138,"Nordhausen",51.49730,10.81019
2491,"Frankfurt/Main",50.10916,8.67811
571,"Zeven",53.29562,9.27974
2434,"Esslingen/Neckar",48.74514,9.32332
494,"Garbsen",52.42732,9.59461
1023,"Berlin",52.50917,13.43621
185,"Stralsund",54.34003,13.07520
586,"Gifhorn",52.48867,10.54431
2482,"Mannheim",49.49711,8.45794
2159,"Schwäbisch Gmünd",48.79359,9.79344
549,"Friedeburg",53.45393,7.82942
2056,"Roma",41.89077,12.42863
2014,"Karlsruhe",49.09878,8.42757
807,"Lutherstadt Wittenberg",51.86609,12.63767
2085,"Mannheim",49.48744,8.45660
2469,"Düsseldorf",51.24702,6.77594
119,"Erfurt",50.95712,11.04147
2117,"Stuttgart",48.77990,9.18684
576,"Lüneburg",53.25075,10.40563
130,"Osnabrück",52.27328,8.04580
562,"Zetel",53.41915,7.96749
175,"München",48.15312,11.60511
2167,"Karlsruhe",49.01297,8.38741
164,"Wolfenbüttel",52.18140,10.56063
2402,"Saarbrücken",49.23076,7.00761
2064,"Mannheim",49.47112,8.48192
581,"Weißenfels",51.19991,11.96940
2005,"Saarbrücken",49.22953,6.99418
2457,"Uhldingen-Mühlhofen",47.72532,9.22844
2039,"Heidelberg",49.42041,8.68474
2136,"Riesa",51.31690,13.28848
2100,"Konstanz",47.68994,9.18772
711,"Brandenburg",52.41288,12.54777
665,"Aurich",53.46686,7.46665
410,"Haldensleben",52.28796,11.40807
573,"Norden",53.59554,7.20623
2178,"Wertheim",49.71209,9.54871
2198,"Friedrichshafen",47.66517,9.44809
2388,"Tübingen",48.51933,9.05567
2414,"Leipzig",51.38308,12.38004
2069,"Stuttgart",48.72172,9.20645
2166,"Stuttgart",48.80007,9.17389
2485,"Frankfurt/Main",50.09846,8.68161
2082,"Dresden",51.05208,13.73727
509,"Georgsmarienhütte",52.20540,8.06433
2456,"Karlsruhe",49.01339,8.39500
2137,"Dresden",Germany,51.05089,13.73832
2034,"Reutlingen",48.48217,9.18682
339,"Berlin",52.50777,13.39331
2180,"Stuttgart",48.74120,9.09584
684,"Oldenburg",53.13628,8.21765
418,"Gräfenhainichen",51.73371,12.46209
2383,"Stuttgart",48.77614,9.18187
2439,"Heidelberg",49.40974,8.70591
2057,"Leipzig",51.31243,12.37372
2308,"Chemnitz",50.84064,12.91834
290,"Dresden",51.05861,13.78450
2405,"Saarlouis",49.31355,6.75042
2193,"Esslingen/Neckar",48.74122,9.30218
437,"Blankenburg/Harz",51.80601,10.91424
2173,"Stuttgart",48.80547,9.19008
439,"Burg bei Magdeburg",52.27368,11.86376
2154,"Konstanz",47.66827,9.17845
2370,"Neresheim",48.75497,10.34334
2390,"Villingen-Schwenningen",48.05688,8.46483
2116,"Biberach/Riß",48.09387,9.78801
2002,"Tübingen",48.53686,9.03600
2019,"Tübingen",48.52492,9.06162
202,"Stralsund",54.31513,13.08875
583,"Hesel",53.30663,7.58786
2277,"Reutlingen",48.48971,9.21167
121,"Oldenburg",53.14691,8.21498
568,"Mihla",51.07807,10.33401
652,"Berlin",52.52349,13.34254
153,"Halle/Saale",51.49561,11.94196
2563,"Künzelsau",49.27943,9.69024
95,"Merseburg",51.34319,11.97688
2238,"Biberach/Riß",48.09308,9.79123
2040,"Stuttgart",48.77606,9.18160
1003,"Rotenburg/Wümme",53.11530,9.39173
404,"Quedlinburg",51.78782,11.14532
2518,"Reutlingen",48.49088,9.21093
2513,"Dresden",51.02901,13.77093
132,"Osnabrück",52.28642,8.02306
63,"Weimar",50.97739,11.32730
560,"Schmalkalden",50.72186,10.45007
2341,"Dresden",51.00838,13.87351
2233,"Reichelsheim/Odenwald",49.71003,8.84057
2142,"Karlsruhe",49.01309,8.40576
633,"Hamburg",53.58975,10.00693
525,"Ruhla",50.88953,10.35600
1008,"Goslar",51.88998,10.41898
240,"Eutin",54.13736,10.61822
2251,"Saarbrücken",49.23254,6.98509
2422,"Zwickau",50.71733,12.49621
534,"Tambach-Dietharz",50.79026,10.61105
2025,"Freiburg/Breisgau",47.98066,7.89534
2120,"Mannheim",49.49409,8.45320
123,"Halle/Saale",51.47816,11.97360
2263,"Stuttgart",48.77891,9.17378
636,"Hamburg",53.56922,9.99461
344,"Hamburg",53.56699,10.00049
151,"Erfurt",50.98557,11.04205
412,"Naumburg/Saale",51.15139,11.80767
2323,"Biberach/Riß",48.09717,9.79073
597,"Istanbul",41.03071,28.98566
2218,"Staufen/Breisgau",47.88311,7.73234
444,"Halle/Saale",51.48409,11.96732
2440,"Karlsruhe",49.01624,8.37566
92,"Schwerin",53.61590,11.41441
2538,"Heidelberg",49.41982,8.68246
729,"Oberhausen",51.47465,6.84788
555,"Edemissen",52.39110,10.26457
2296,"Heidenheim/Brenz",48.67645,10.15293
2276,"Homburg/Saar",49.32176,7.33450
156,"Berlin",52.50691,13.36973
2533,"Balingen",48.27188,8.85539
2145,"Karlsruhe",49.00458,8.42714
2213,"Offenburg",48.46854,7.94424
2425,"Donaueschingen",47.95398,8.49933
2268,"Tübingen",48.52224,9.06119
2551,"Müllheim",47.80630,7.62869
592,"Leer/Ostfriesland",53.22724,7.45181
736,"Bautzen",51.18190,14.43571
385,"Frankfurt/Main",50.09880,8.71281
438,"Brotterode",50.82537,10.44455
2244,"Wadern",49.52924,6.89783
722,"Köln",50.94031,6.97055
2190,"Saarbrücken",49.25649,7.04636
485,"Artern",51.36685,11.30059
2170,"Stuttgart",48.78275,9.17036
255,"Bremen",53.07175,8.80494
2001,"Tübingen",48.52492,9.06162
2527,"Zwickau",50.72505,12.48739
2108,"Albstadt",48.21047,9.03139
2393,"Leutkirch/Allgäu",47.86948,9.99609
419,"Klötze",52.62543,11.16450
417,"Gardelegen",52.52255,11.39990
2354,"Karlsruhe",49.01962,8.37131
2495,"Frankfurt/Main",50.10406,8.67617
430,"Bad Dürrenberg",51.29596,12.06352
2103,"Stuttgart",48.77970,9.19157
475,"Schmölln/Thüringen",50.89524,12.35387
2398,"Freiburg/Breisgau",48.00325,7.85499
2549,"Horb/Neckar",48.43999,8.64943
2300,"Rottenburg/Neckar",48.47702,8.93224
731,"Pulheim",50.96114,6.78215
2072,"Leipzig",51.33416,12.37497
2092,"Dresden",51.12923,13.78971
508,"Leinefelde-Worbis",51.38418,10.32820
2226,"Berlin",52.53193,13.38521
2081,"Karlsruhe",49.00718,8.39864
2337,"Dresden",51.04447,13.74755
375,"Berlin",52.48466,13.38452
2188,"Ludwigsburg",48.90751,9.18337
752,"Nijmegen",51.81789,5.85696
540,"Zella-Mehlis",50.65644,10.66393
234,"Kiel",54.32750,10.12858
110,"Lüneburg",53.22838,10.40503
2544,"Tübingen",48.52492,9.06162
657,"Bremen",53.07373,8.81235
2336,"Hagen",51.35472,7.47992
2227,"Tübingen",48.52125,9.05476
2367,"Freiburg/Breisgau",47.99696,7.84478
225,"Weimar",50.98067,11.32288
2401,"Reichenau",47.69447,9.12593
2492,"Offenbach/Main",50.10767,8.76142
2472,"Hamm",51.68228,7.84183
73,"Hannover",52.35457,9.79759
548,"Bergen Kreis Celle",52.81016,9.96039
2249,"Tübingen",48.50945,9.06505
695,"Ottersberg",53.10660,9.16234
118,"Köthen/Anhalt",51.75475,11.96709
2095,"Stuttgart",48.74663,9.08159
808,"Hamburg",53.55124,9.93465
139,"Hamburg",53.56719,10.03136
2317,"Ludwigsburg",48.89563,9.19223
2526,"Nürnberg",49.44805,11.07978
2481,"Frankfurt/Main",50.11206,8.68472
2530,"Jerusalem",31.77197,35.22882
611,"Berlin",52.51216,13.41949
2345,"Plochingen",48.71339,9.43097
421,"Ilsenburg",51.86399,10.67895
2448,"Saarbrücken",49.24067,7.02079
590,"Celle",52.62177,10.07905
2210,"Stuttgart",48.77044,9.18138
283,"Halle/Saale",51.49681,11.95952
453,"Bad Pyrmont",51.98824,9.25703
2021,"Ulm",48.42163,9.94871
2552,"Ravensburg",47.78521,9.61447
2286,"Heidelberg",49.39658,8.72296
104,"Kiel",54.32171,10.14268
353,"Eisenach",50.97150,10.32207
2507,"Frankfurt/Main",50.13041,8.66808
432,"Schönebeck/Elbe",52.01406,11.72705
2123,"Heidelberg",49.41001,8.70161
207,"Heide",54.19529,9.12232
209,"Plön",54.15997,10.43379
2320,"Weinheim",49.55068,8.66886
1017,"Bad Oldesloe",53.80613,10.38093
426,"Leuna",51.32120,12.02363
616,"Hildesheim",52.13386,9.97507
2206,"Friedrichshafen",47.66577,9.44930
2443,"Böblingen",48.68216,9.00941
2141,"Mannheim",49.49235,8.48674
423,"Zerbst/Anhalt",51.96372,12.08342
2510,"Offenbach/Main",50.10731,8.76503
2048,"Zwickau",50.71603,12.49545
281,"Eisenach",50.98338,10.31953
451,"Holzminden",51.82791,9.44731
1119,"Berlin",52.42469,13.17977
1016,"Neubrandenburg",53.55796,13.26069
61,"Weimar",50.97951,11.33107
2207,"Konstanz",47.68994,9.18772
276,"Flensburg",54.78056,9.44135
2555,"Berlin",52.50993,13.38725
2421,"Sigmaringen",48.09073,9.21585
2252,"Stuttgart",48.77729,9.17205
351,"Wolfsburg",52.41980,10.78620
32,"Ilmenau",50.67961,10.93450
514,"Meuselwitz",51.04120,12.29983
758,"Hamburg",53.56561,9.98965
286,"Südheide",52.83254,10.10112
2560,"Frankfurt/Main",50.15305,8.63579
605,"Berlin",52.53217,13.41088
2043,"Marbach/Neckar",48.93623,9.25598
2287,"Landau/Pfalz",49.19680,8.12543
569,"Bunde",53.18735,7.27189
567,"Bad Harzburg",51.87789,10.55914
356,"Bremen",53.09251,8.86384
2506,"Mannheim",49.50008,8.46147
2225,"Stuttgart",48.76914,9.15448
2158,"Dresden",51.12975,13.79000
378,"Hamburg",53.55092,10.03137
2365,"Maulbronn",49.00045,8.81324
250,"Gera",50.90371,12.06912
2051,"Leipzig",51.33266,12.36998
2522,"Köln",50.85536,7.11968
480,"Stelle",53.38039,10.11205
2476,"Saarbrücken",49.24090,6.95385
2496,"Frankfurt/Main",50.11200,8.65215
505,"Kölleda",51.18688,11.24916
2033,"Karlsruhe",49.00715,8.39655
478,"Rudolstadt",50.72130,11.34255
380,"Berlin",52.51287,13.38927
2413,"Plauen",50.49523,12.13512
2384,"Stuttgart",48.77477,9.18642
2315,"Leipzig",51.34689,12.47210
2332,"Tübingen",48.52237,9.05580
424,"Sottrum",53.11432,9.22490
2131,"Dresden",51.05276,13.76152
2418,"Dresden",51.06443,13.75574
2240,"Ulm",48.42565,9.96217
370,"Hamburg",53.54042,10.00513
2038,"Schwäbisch Gmünd",48.79218,9.82827
2350,"Heilbronn",49.14071,9.21805
101,"Magdeburg",52.10108,11.61466
2097,"Leipzig",51.33334,12.36785
470,"Stendal",52.60307,11.85502
2174,"Mannheim",49.48195,8.46602
2194,"Heidelberg",49.40897,8.69039
435,"Bernburg/Saale",51.79376,11.74198
2153,"Heidenheim/Brenz",48.68213,10.15454
811,"Altenholz",54.40218,10.13319
2389,"Tübingen",48.51982,9.05360
2222,"Stuttgart",48.77714,9.17967
2451,"Mengen",48.04828,9.32799
2068,"Furtwangen",48.05139,8.20750
265,"Güstrow",53.78380,12.17728
2525,"Ladenburg",49.47109,8.61488
2161,"Dresden",51.05381,13.72492
78,"Hannover",52.36697,9.74519
516,"Mühlhausen/Thüringen",51.21204,10.44799
2013,"Heidelberg",49.40974,8.70591
187,"Kiel",54.33051,10.17955
698,"Halle/Saale",51.49482,11.98312
2433,"Dresden",51.05238,13.76111
2096,"Kassel",51.31409,9.49853
2179,"Saarbrücken",49.21858,7.00827
274,"Bremen",53.07375,8.81235
90,"Hildesheim",52.13426,9.97450
707,"Halle/Saale",51.48098,11.97145
2312,"Tübingen",48.52520,9.06389
2309,"Stuttgart",48.77907,9.18663
709,"Bremen",53.07300,8.81191
2438,"Berlin",52.49344,13.38847
2111,"Aalen",48.84053,10.06699
2335,"Dresden",51.08284,13.75408
2540,"Berlin",52.50392,13.39851
454,"Mücheln/Geiseltal",51.30059,11.80529
2018,"Karlsruhe",49.00809,8.39907
179,"Berlin",52.51779,13.39221
2497,"Frankfurt/Main",50.10229,8.67461
2477,"Saarbrücken",49.23021,7.00051
690,"Otterndorf",53.80775,8.90146
813,"Münster",51.96464,7.62216
77,"Hannover",52.37055,9.73322
2063,"Pforzheim",48.87890,8.71706
2205,"Zittau",50.89577,14.81033
2324,"Donaueschingen",47.95211,8.49912
2502,"Berlin",52.44679,13.27785
482,"Arnstadt",50.83323,10.94172
2264,"Reutlingen",48.49020,9.21053
252,"Braunschweig",52.27016,10.57073
734,"Lindlar",51.01410,7.36197
725,"Köln",50.93506,7.05342
648,"Oestrich-Winkel",50.01250,8.04975
2285,"Beuron",48.05069,8.96902
2214,"Bad Boll",48.63848,9.60094
2256,"Stuttgart",48.74064,9.09825
23,"Hamburg",53.46099,9.96901
559,"Saalfeld",50.64748,11.35985
557,"Bad Salzungen",50.81124,10.23355
366,"Bremerhaven",53.54160,8.58034
372,"Appen",53.65389,9.70882
2346,"Freiberg/Sachsen",50.92532,13.34807
640,"Hamburg",53.55002,9.99097
466,"Bad Frankenhausen",51.36670,11.05000
1012,"Jever",53.57112,7.90539
1009,"Lübeck",53.86576,10.68225
472,"Göttingen",51.53340,9.93373
363,"Bremen",53.10938,8.84855
2219,"Heidelberg",49.38466,8.71059
2202,"Schlatt",47.68448,8.67638
2505,"Berlin",52.50530,13.44840
2539,"Heilbronn",49.14090,9.21729
608,"Hamburg",53.58330,9.73697
2347,"Rheinstetten",48.96409,8.33436
463,"Bleicherode",51.43812,10.56811
2234,"Denkendorf/Württemberg",48.70066,9.34397
529,"Stadtilm",50.77388,11.07833
527,"Sömmerda",51.16332,11.11631
231,"Wernigerode",51.82752,10.75991
2556,"Annaberg-Buchholz",NA,NA
2282,"Stuttgart",48.72142,9.20642
2269,"Tübingen",48.53011,9.06911
2514,"Heidelberg",49.40974,8.70591
600,"Rostock",54.17967,12.08172
1032,"Berlin",52.49864,13.35667
2291,"Göppingen",48.70447,9.65126
2271,"Tübingen",48.52117,9.05501
692,"Wernigerode",51.83252,10.78329
1015,"Hamburg",53.57491,10.06889
593,"Ilsede",52.26662,10.22627
2500,"Rottweil",48.16144,8.63262
72,"Hannover",52.36525,9.73115
751,"Gera",50.88089,12.07207
450,"Schortens",53.53663,7.94962
280,"Göttingen",51.53404,9.94381
723,"Pulheim",50.96114,6.78215
127,"Hamburg",53.57060,9.99824
129,"Göttingen",51.54217,9.93562
2217,"Saarbrücken",49.23432,6.99575
694,"Potsdam",52.39677,13.05589
350,"Paris",48.85853,2.36340
2259,"Saarbrücken",49.23140,6.98198
278,"Halle/Saale",51.48206,11.96838
224,"Halle/Saale",51.49511,11.93834
756,"Osnabrück",52.27886,8.04491
2236,"Villingen-Schwenningen",48.05249,8.46525
2327,"Weingarten/Württemberg",47.80895,9.64552
235,"Hannover",52.37210,9.73422
2516,"Knittlingen",49.02409,8.75734
358,"Bremen",53.10592,8.84490
2267,"Tübingen",48.51825,9.05829
2298,"Ettlingen",48.94278,8.40952
591,"Hohenhameln",52.25786,10.05778
420,"Genthin",52.40438,12.15832
721,"Bonn",50.73236,7.09236
2200,"Bad Schussenried",48.00748,9.65822
1115,"Roma",41.89193,12.51133
465,"Bitterfeld-Wolfen",51.65899,12.26518
2559,"Berlin",52.50954,13.37342
2326,"Heidenheim/Brenz",48.67649,10.15147
2237,"Tübingen",48.53624,9.05892
474,"Gotha",50.94799,10.70942
2266,"Stuttgart",48.79016,9.18310
2517,"Calw",48.71124,8.74509
365,"Bremen",53.07693,8.81642
2344,"Bad Elster",50.28192,12.2343
618,"Berlin",52.50735,13.32781
428,"Wolmirstedt",52.24588,11.62846
726,"Düsseldorf",51.24193,6.84472
2280,"Mannheim",49.48802,8.46108
732,"Xanten",51.66768,6.45354
596,"Hude/Oldenburg",53.10790,8.44727
195,"Halle/Saale",51.49643,11.94409
254,"Hamburg",53.54684,9.96498
484,"Apolda",51.02467,11.51880
2216,"Heidelberg",49.40764,8.67585
2254,"Tübingen",48.51915,9.06001
2293,"Radolfzell",47.73837,8.96947
2273,"Saarbrücken",49.23037,6.99790
384,"Wittenberg",51.86468,12.65250
541,"Sande",53.50082,8.01372
2520,"Stuttgart",48.77878,9.17724
50,"Wolfenbüttel",52.16448,10.53005
1026,"Münster",51.97094,7.60846
503,"Ilmenau",50.68502,10.91855
2197,"Stuttgart",48.78934,9.20977
2177,"Konstanz",47.66823,9.17911
111,"Buxtehude",53.47762,9.70461
282,"Bitterfeld-Wolfen",51.61236,12.30243
452,"Isenbüttel",52.43049,10.57863
2074,"Berlin",52.50943,13.38077
2094,"Leipzig",51.33865,12.37226
604,"Helmstedt",52.22929,11.00858
2387,"Sulz/Neckar",48.35763,8.73406
2031,"Ludwigsburg",48.90793,9.18397
577,"Staßfurt",51.85108,11.58169
579,"Dissen",52.11413,8.20487
2138,"Dresden",51.02981,13.73852
352,"Braunschweig",52.26361,10.53264
2411,"Dresden",51.04180,13.72412
515,"Diepholz",52.60959,8.36261
2479,"Renchen",48.58903,8.01461
2499,"Emmendingen",48.12023,7.84978
2133,"Breitenbrunn",50.47751,12.76423
433,"Sangerhausen",51.47940,11.29702
2242,"Ulm",48.38143,9.94868
2330,"Merzig",49.44318,6.64170
587,"Papenburg",53.07785,7.39593
546,"Wendeburg",52.32355,10.38687
2307,"Bautzen",51.18342,14.42188
2352,"Karlsruhe",49.00745,8.40393
2151,"Pforzheim",48.88796,8.70804
2360,"Leipzig",51.35218,12.42895
422,"Jessen",51.78992,12.94876
2494,"Frankfurt/Main",50.10629,8.68105
2474,"Bochum",51.44579,7.24495
2453,"Leipzig",51.34053,12.37688
612,"Hamburg",53.54696,9.96724
11,"Berlin",52.50771,13.37063
501,"Heilbad Heiligenstadt",51.37466,10.13770
436,"Braunsbedra",51.28563,11.88234
2163,"Bretten",49.03680,8.70685
113,"Hamburg",53.57491,10.06889
2220,"Heidelberg",49.41055,8.71106
738,"Berlin",52.50744,13.38882
2011,"Heidelberg",49.40974,8.70591
91,"Hildesheim",52.14240,9.95797
2306,"Bensheim",49.68838,8.62307
2431,"Biberach/Riß",48.09308,9.79123
26,"Kiel",54.33903,10.15620
2118,"Mannheim",49.47388,8.53440
2113,"Göppingen",48.69767,9.65606
2245,"Denkendorf/Württemberg",48.70066,9.34397
105,"Kiel",54.32750,10.12858
2542,"Dresden",51.02841,13.74179
2099,"Kehl",48.57503,7.81767
2310,"Stuttgart",48.77666,9.18434
2176,"Schwäbisch Hall",49.11249,9.73684
2386,"Stuttgart",48.77635,9.16518
2168,"Heidelberg",49.41247,8.70831
2458,"Speyer",49.31931,8.43587
2355,"Karlsruhe",49.01317,8.38282
2061,"Dresden",51.03660,13.73609
2235,"Mannheim",49.48213,8.47975
2209,"Altenburg",50.99173,12.44472
2515,"Heidelberg",49.40974,8.70591
2532,"Hannover",52.40484,9.82247
285,"Potsdam",52.40823,12.97320
2023,"Karlsruhe",49.01247,8.40168
455,"Verden/Aller",52.92239,9.23483
2550,"Offenbach/Main",50.10327,8.75502
217,"Hildesheim",52.15348,9.94445
606,"Berlin",52.50686,13.38397
1014,"Lübeck",53.86576,10.68225
499,"Erfurt",50.97828,11.02453
2322,"Baden-Baden",48.76352,8.23697
230,"Stendal",52.61593,11.84789
2121,"Heidelberg",49.41457,8.72647
114,"Hamburg",53.60223,10.00084
2504,"Gotha",50.94584,10.70439
2262,"Tübingen",48.53344,9.03464
804,"Potsdam",52.38386,13.03504
601,"Hamburg",53.56776,9.97530
264,"Elsfleth",53.24506,8.46853
2441,"Heilbronn",49.12400,9.22120
2232,"Horb/Neckar",48.44524,8.69661
2143,"Ravensburg",47.77866,9.60918
434,"Blankenburg/Harz",51.78831,10.95165
2284,"Balingen",48.27388,8.85762
2215,"Heidelberg",49.41147,8.70284
2512,"Leipzig",51.33398,12.36544
2509,"Meißen",51.15853,13.48811
2535,"Dresden",51.02830,13.73659
2340,"Dresden",51.13040,13.78797
646,"Rheine",52.27224,7.42979
460,"Wernigerode",51.83269,10.78352
689,"Bonn",50.69689,7.10745
687,"Hamburg",53.55863,10.01982
425,"Wittmund",53.57615,7.78108
2423,"Heilbronn",49.13665,9.21900
2428,"Leipzig",51.33549,12.38677
2562,"Dresden",51.05324,13.73897
677,"Celle",52.60358,10.07679
2265,"Tübingen",48.53081,9.06099
902,"Berlin",52.49250,13.35689
504,"Quakenbrück",52.67547,7.95697
468,"Halle/Saale",51.47489,11.98689
2041,"Freiburg/Breisgau",47.98135,7.84872
603,"Berlin",52.42374,13.26240
2148,"Nürtingen",48.62762,9.33763
812,"Hildesheim",52.14901,9.94393
60,"Hamburg",53.56920,10.11030
2181,"Heidelberg",49.41458,8.67204
539,"Leinefelde-Worbis",51.48330,10.31670
537,"Buxtehude",53.47776,9.70052
48,"Göttingen",51.55106,9.93731
2088,"Oberwolfach",48.34432,8.22540
483,"Jever",53.57112,7.90539
2369,"Germersheim",49.21644,8.37078
2003,"Freiburg/Breisgau",47.99400,7.84505
696,"Hamburg",53.54562,9.99294
148,"Lübeck",53.86494,10.68206
2371,"Plauen",50.49545,12.14029
2391,"Rottenburg/Neckar",48.47960,8.95000
518,"Weimar",50.97705,11.32681
2192,"Dresden",51.02690,13.71620
2172,"Rottweil",48.16171,8.62562
2101,"Dresden",51.05944,13.74744
2319,"Freiburg/Breisgau",47.99499,7.83752
2302,"Singen/Hohentwiel",47.76137,8.83858
2070,"Trossingen",48.07587,8.63786
754,"Berlin",52.46859,13.30382
2008,"Stuttgart",48.77724,9.18546
2357,"Karlsruhe",49.00501,8.49333
2524,"Heidelberg",49.41535,8.70874
407,"Rhauderfehn",53.12815,7.57710
409,"Bad Salzdetfurth",52.06343,10.00684
2083,"Rottenburg/Neckar",48.47567,8.93383
2247,"Sigmaringen",48.08675,9.21890
140,"Wilhelmshaven",53.54696,8.08903
47,"Göttingen",51.56030,9.94854
1025,"Zerbst/Anhalt",51.96898,12.09164
510,"Blankenhain",50.85645,11.34360
2385,"Stuttgart",48.77481,9.17749
2314,"Stuttgart",48.78740,9.16151
1120,"Hamburg",53.55802,9.87355
376,"Berlin",52.48816,13.53438
2488,"Frankfurt/Main",50.10981,8.68379
2356,"Karlsruhe",49.00707,8.40023
481,"Soltau",52.99045,9.84129
2529,"Frankfurt/Main",50.11028,8.65952
22,"Hamburg",53.56486,9.98519
462,"Wedemark",52.52324,9.75659
476,"Breitungen",50.75672,10.33544
2195,"Ludwigsburg",48.89090,9.18980
2175,"Stuttgart",48.77680,9.18427
381,"Kiel",54.32995,10.14845
2305,"Biberach/Riß",48.09557,9.79303
449,"Delmenhorst",53.04970,8.62569
447,"Hermsdorf/Thüringen",50.90052,11.85398
788,"Hannover",52.36800,9.69990
486,"Bad Berka",50.89982,11.28040
2224,"Heidelberg",49.40778,8.69392
2408,"Leipzig",51.32143,12.39459
594,"Magdeburg",52.12654,11.63091
2339,"Dresden",51.06005,13.71725
724,"Bonn",50.74531,7.08872
2490,"Frankfurt/Main",50.10722,8.67447
2470,"Berlin",52.49826,13.32156
735,"Bonn",50.73141,7.08146
349,"Bremen",53.08318,8.81134
192,"Dessau-Roßlau",51.82284,12.24305
69,"Greifswald",54.09094,13.40570
471,"Sondershausen",51.37110,10.87229
1022,"Verden (Aller)",52.92679,9.25212
100,"Magdeburg",52.13916,11.64713
810,"Berlin",52.51350,13.39086
2483,"Heidelberg",49.40974,8.70591
2547,"Bonn",50.70246,7.13659
693,"Merseburg",51.35816,12.00100
469,"Mühlhausen/Thüringen",51.20769,10.45272
467,"Erfurt",50.96818,11.03117
2258,"Stuttgart",48.79770,9.22512
2125,"Stuttgart",48.77851,9.18622
678,"Neuruppin",52.90467,12.79771
2348,"Freiberg/Neckar",48.93634,9.20410
294,"Halle/Saale",51.47489,11.98689
2445,"Karlsruhe",49.01126,8.39495
2042,"München",48.16200,11.54543
342,"Wilhelmshaven",53.51503,8.14632
2511,"Karlsruhe",49.00930,8.39398
2140,"Friedrichshafen",47.65752,9.47642
688,"Magdeburg",52.12523,11.63002
414,"Einbeck",51.81851,9.87239
2343,"Donaueschingen",47.95679,8.50466
2253,"Tübingen",48.52043,9.05266
2274,"Stuttgart",48.76898,9.16247
442,"Melle",52.20362,8.33671
635,"Berlin",52.42807,13.20232
523,"Ronneburg",50.86403,12.18071
2420,"Schwäbisch Gmünd",48.80075,9.81199
2558,"Schiffweiler",49.34963,7.11239
2122,"Villingen-Schwenningen",48.06081,8.53476
2321,"Neuenstein/Hohenlohe",49.20728,9.57475
2299,"Görlitz",51.15581,14.99203
2279,"Heidelberg",49.38993,8.70507
498,"Eisenach",50.97586,10.31462
160,"Emden",53.36827,7.18335
532,"Steinbach-Hallenberg",50.70163,10.56795
2442,"Ochsenhausen",48.06459,9.94870
2045,"Mittweida",50.98655,12.96949
390,"Bremen",53.16838,8.65033
2531,"Rottweil",48.16793,8.62575
2211,"Stuttgart",48.71238,9.21492
2020,"Chemnitz",50.83913,12.92918
237,"Wittenberg Lutherstadt",51.86481,12.65024
521,"Pößneck",50.69348,11.59406
55,"Göttingen",51.56136,9.96733
168,"Borstel Kreis Segeberg",53.82057,10.19622
553,"Weyhe",52.98077,8.85862
402,"Vechelde",52.25861,10.36847
2553,"Moskau",55.73907,37.65621
791,"Hildesheim",52.14997,9.94745
682,"Zeitz",51.08330,12.16670
2067,"Tübingen",48.51945,9.05265
2164,"Tübingen",48.52914,9.06243
2416,"Leipzig",51.35399,12.37400
348,"Neubrandenburg",53.54488,13.29424
2493,"Frankfurt/Main",50.10577,8.67920
2105,"Villingen-Schwenningen",48.06487,8.51397
2473,"Dresden",51.11313,13.75209
2454,"Lorsch",49.65339,8.56616
183,"Hamburg",53.49812,10.00290
2036,"Stuttgart",48.73012,9.14232
2139,"Rothenburg/Oberlausitz",51.36517,14.96443
1021,"Wittenberg Lutherstadt",51.86481,12.65024
448,"Wiesmoor",53.41331,7.73363
98,"Weimar",50.97846,11.33145
789,"Bad Berka",50.88989,11.26768
2480,"Freiburg/Breisgau",47.99814,7.84774
2156,"Dresden",51.02955,13.72440
2059,"Konstanz",47.66723,9.17269
2437,"Freiburg/Breisgau",47.98740,7.89450
340,"Schwerin",53.62649,11.41402
885,"Güstrow",53.79264,12.17166
2466,"Pforzheim",48.89555,8.71802
2185,"Dresden",51.02637,13.71950
2017,"Konstanz",47.67819,9.15692
2498,"Berlin",52.51513,13.39907
2478,"Stuttgart",48.77148,9.17417
2395,"Berlin",52.50788,13.34438
666,"Hannover",52.36727,9.73025
2375,"Saarbrücken",49.22342,7.03296
70,"Hannover",52.38163,9.72001
2400,"Leipzig",51.33285,12.36645
2157,"Stuttgart",48.77734,9.18543
2436,"Breisach",48.03401,7.57909
2093,"Mannheim",49.48829,8.47186
2073,"Chemnitz",50.83103,12.92316
2301,"Freiburg/Breisgau",47.99859,7.84583
2102,"Chemnitz",50.82420,12.90021
2119,"Ulm",48.40847,9.99762
2016,"Stuttgart",48.74559,9.10321
181,"Berlin",52.50861,13.36666
2467,"Stuttgart",48.77903,9.18662
244,"Berlin",52.46135,13.29323
162,"Bremerhaven",53.54035,8.57711
66,"Halle/Saale",51.49061,11.95731
176,"Aurich",53.46749,7.48149
408,"Zahna-Elster",51.90877,12.79000
663,"Berlin",52.49092,13.27681
2417,"Dresden",51.02714,13.73645
186,"Neubrandenburg",53.55550,13.24788
147,"Flensburg",54.77586,9.45518
2066,"Mannheim",49.47678,8.49655
2169,"Freiburg/Breisgau",47.98784,7.85951
585,"Scharnebeck",53.28924,10.49907
2459,"Weil/Rhein",47.60177,7.61884
2037,"Weingarten/Württemberg",47.80782,9.64520
517,"Neustadt/Orla",50.73820,11.74737
519,"Nordhausen",51.50237,10.79357
2182,"Lörrach",47.60997,7.65990
2134,"Glauchau",50.82248,12.55705
74,"Hannover",52.38461,9.80410
2191,"Weingarten/Württemberg",47.80861,9.64677
2171,"Stuttgart",48.77608,9.17572
2392,"Wolfegg",47.82269,9.79139
400,"Magdeburg",52.13697,11.63847
171,"Halle/Saale",51.48890,11.97050
2098,"Freiburg/Breisgau",47.98926,7.87249
2144,"Rottenburg/Neckar",48.45800,8.94378
150,"Jena",50.91837,11.57004
2283,"Sankt Wendel",49.46759,7.16883
2047,"Lörrach",47.60905,7.65805
2424,"Chemnitz",50.56943,13.16158
1033,"Lüneburg",53.24709,10.41578
206,"Möckern",52.21204,11.98583
429,"Bad Tennstedt",51.15511,10.83963
427,"Greiz",50.65584,12.20060
617,"Hannover",52.32079,9.81908
619,"Osnabrück",52.28619,8.03244
2208,"Pforzheim",48.89552,8.69978
2290,"Ludwigshafen/Rhein",49.48102,8.44852
2270,"Tübingen",48.51039,9.06527
563,"Schaffhausen",47.69545,8.63705
2446,"Ludwigsburg",48.88359,9.19610
675,"Stade",53.60214,9.47757
2203,"Konstanz",47.65843,9.17542
2288,"Laupheim",48.23032,9.88768
664,"Breklum",54.60654,8.98487
24,"Kiel",54.34713,10.11106
2126,"Gundelsheim/Württemberg",49.28684,9.15603
201,"Kiel",54.32735,10.17078
2447,"Gernsbach",48.77169,8.33852
120,"Oldenburg",53.14753,8.17993
572,"Cuxhaven",53.86570,8.67792
566,"Stade",53.60840,9.46880
165,"Braunschweig",52.25773,10.50287
359,"Bremen",53.07257,8.81035
215,"Magdeburg",52.13846,11.65258
2508,"Berlin",52.51235,13.39527
2127,"Freiburg/Breisgau",47.99484,7.85478
2024,"Heidelberg",49.42036,8.67295
287,"Hamburg",53.58284,10.02815
2503,"Ludwigsburg",48.89432,9.19113
561,"Neuhaus am Rennweg",50.50903,11.13813
2149,"Lörrach",47.61720,7.67725
2046,"Nürnberg",49.44874,11.07550
184,"Hamburg",53.55934,9.98385
1018,"Bremerhaven",53.55857,8.59296
495,"Wilhelmshaven",53.52223,8.11972
20,"Braunschweig",52.27371,10.52915
2429,"Buchen",49.52129,9.32667
241,"Berlin",52.50994,13.37072
203,"Hamburg",53.57960,10.02824
582,"Lutherstadt Wittenberg",51.86625,12.64128
2541,"Pegau",51.16722,12.25302
653,"Kronshagen",54.33946,10.09875
2376,"Stuttgart",48.77881,9.17712
2396,"Zweibrücken",49.24941,7.36652
2110,"Dresden",51.06266,13.94938
411,"Meiningen",50.56784,10.41321
152,"Schmalkalden",50.71742,10.46513
65,"Halle/Saale",51.48941,11.96967
2228,"Heidelberg",49.37797,8.67840
2062,"Hamburg",53.56278,9.99477
2404,"Dossenheim",49.44976,8.64026
2155,"Stuttgart",48.77635,9.16163
2465,"Hechingen",48.34907,8.96369
2089,"Dresden",51.05292,13.75850
2368,"Mannheim",49.48244,8.47499
554,"Droyßig",51.04248,12.02950
2450,"Weilheim/Teck",48.61529,9.53851
416,"Salzwedel",52.85108,11.15795
2223,"Heidelberg",49.40671,8.68963
445,"Bremervörde",53.48600,9.14709
632,"Kiel",54.32225,10.13265
2318,"Konstanz",47.65969,9.17517
2432,"Buchenbach",47.96567,7.99913
2415,"Bautzen",51.17543,14.42891
291,"Jork",53.49637,9.72131
2484,"Frankfurt/Main",50.09265,8.65036
345,"Lutherstadt Wittenberg",51.86609,12.63767
2009,"Mannheim",49.48309,8.46362
2012,"Heidelberg",49.40950,8.69350
2106,"Stuttgart",48.78570,9.17414
2035,"Speyer",49.31669,8.41622
2130,"Rastatt",48.85999,8.20404
651,"Halberstadt",51.89567,11.04739
122,"Oldenburg",53.14270,8.20020
62,"Rostock",54.08689,12.13402
535,"Nordhorn",52.43254,7.06783
2241,"Stuttgart",48.74021,9.09607
2333,"Chemnitz",50.81360,12.92599
570,"Zeulenroda-Triebes",50.64902,11.97909
136,"Wismar",53.89081,11.44485
413,"Zeitz",51.05095,12.13466
524,"Adendorf",53.28148,10.43971
31,"Jena",50.93054,11.58775
2152,"Bad Mergentheim",49.44426,9.79030
2489,"Frankfurt/Main",50.10951,8.67814
2065,"Stuttgart",48.74130,9.10197
2351,"Karlsruhe",49.00666,8.39432
588,"Aurich",53.46840,7.48003
2004,"Freiburg/Breisgau",48.00442,7.83472
2107,"Freiburg/Breisgau",47.99754,7.80387
2397,"Salenstein",47.66865,9.05883
2377,"Stuttgart",48.76670,9.18330
131,"Vechta",52.72069,8.29589
405,"Halle/Saale",51.48214,11.96658
2523,"Reutlingen",48.49638,9.21400
2050,"Zittau",50.89027,14.80439
578,"Peine",52.32063,10.22630
2435,"Bruchsal",49.12848,8.59058
293,"Hannover",52.32046,9.81905
2338,"Dresden",51.05245,13.73962
2409,"Leipzig",51.34173,12.39117
2412,"Zwickau",50.72206,12.43242
2015,"Stuttgart",48.74545,9.10495
2084,"Karlsruhe",48.99753,8.37926
2187,"Heidelberg",49.41194,8.71295
2032,"Ulm",48.39678,9.99263
